{"m": [0.030569330851236934, 0.028597380320231094, 0.03289115269978833, 0.029888521830240898, 0.027533321380615254, 0.028884970347086463, 0.029889678955078137, 0.03379076004028313, 0.03409365653991692], "b": [16.87825253804525, 16.788674672444657, 15.863854090372726, 15.039647038777668, 18.048404693603512, 16.613280614217132, 15.676298522949212, 13.405319404602071, 14.259396076202416]}