{"m": [0.03859999656677248, 0.032499999999999925, 0.03545000076293943, 0.03784999847412106, 0.030349998474121075, 0.02964999198913562, 0.032965660095214816, 0.030098514556884736, 0.03699357032775869], "b": [14.720000648498532, 15.996000671386719, 14.990999603271485, 16.058999633789067, 15.547000503540035, 16.75700054168702, 14.844907760620123, 15.771110343933108, 13.222314357757597]}