{"m": [0.03184805552164712, 0.029967390696207668, 0.03056774775187174, 0.018417199452718105, 0.03077566146850584, 0.02983254114786781, 0.03275191307067865, 0.03614679336547852, 0.03536120414733878], "b": [17.11323521931966, 16.807483800252278, 16.72207692464192, 15.416606012980143, 17.855932998657224, 16.935479863484698, 15.145490360260029, 12.785257911682125, 13.639191913604764]}