{"m": [0.031139259338378918, 0.028156598409016846, 0.0315809504191081, 0.02954881032307937, 0.027870934804280576, 0.03080076853434243, 0.0334913921356201, 0.03445676803588861, 0.03417066574096668], "b": [17.14884300231933, 17.145483652750656, 15.93188031514485, 15.218051401774089, 18.042096201578772, 16.75659688313802, 14.721234607696534, 13.254849052429217, 14.272957801818883]}