{"m": [0.028397839864095005, 0.029188696543375647, 0.03349070231119787, 0.027540671030680364, 0.02652818044026685, 0.027361151377359946, 0.03264842987060543, 0.035448579788207875, 0.03364421844482413], "b": [17.588894907633467, 16.79456609090169, 15.405794652303062, 15.748643239339188, 18.33619219462077, 17.31971028645834, 15.000459671020515, 12.70046110153203, 14.238317871093779]}