{"m": [0.029583740234374992, 0.029789113998413042, 0.030101375579833906, 0.029258975982666077, 0.02887845039367669, 0.031103162765502863, 9.235534649959873e-17, 8.973584516352571e-18, -4.9042515105620856e-18], "b": [16.871532821655276, 16.80963840484619, 15.810848999023444, 15.448868942260736, 17.774147605896, 16.839142036437995, 24.001338958740195, 22.316314697265618, 23.398073196411136]}