{"m": [0.026670729319254603, 0.030380566914876297, 0.032546424865722616, 0.01841854095458984, 0.029637591044108007, 0.032839183807373024, 0.030957384109496996, 0.03280743598937984, 0.03417892456054676], "b": [17.606897481282545, 16.124194208780924, 15.709351348876954, 15.248120498657228, 17.744439442952476, 16.15988121032715, 16.183618831634544, 13.912264156341568, 14.190417861938517]}