{"m": [0.03306667327880862, 0.038199996948242235, 0.032666657765706354, 0.034766667683919186, 0.03729999542236321, 0.03343332926432294, 0.03434999465942373, 0.03499999999999999, 0.032250003814697205], "b": [14.881332397460929, 15.274000549316401, 14.993334833780922, 15.869333140055343, 14.970000839233403, 15.866667302449539, 14.410501670837437, 13.847999572753906, 14.353498649597187]}