{"m": [0.03993333816528323, 0.04056665420532218, 0.03656665802001953, 0.03683333079020181, 0.0439666684468587, 0.031733328501383426, 0.035949993133544814, 0.036649980545043835, 0.0310000133514404], "b": [14.992666244506832, 15.019335174560549, 14.431334686279294, 15.41266682942708, 15.55133310953776, 15.704667027791341, 13.444502067565956, 13.859505367279088, 14.093996143341071]}