{"m": [0.04556667327880856, 0.040233332316080714, 0.04620000839233391, 0.017033341725667325, 0.043766663869222, 0.03346666971842449, 0.03529999732971184, 0.038400001525878885, 0.03284999847412111], "b": [14.46533241271973, 14.9266663869222, 14.137998962402346, 16.74666506449381, 15.029334131876627, 15.55933316548665, 13.893000316619899, 13.773999404907233, 13.249500274658194]}