{"m": [0.03239999771118155, 0.0409000015258788, 0.034099998474121075, 0.03885000228881837, 0.03475001335144046, 0.03430000305175789, 0.0374999999999999, 0.03475001335144037, 0.033050003051757745], "b": [14.652000427246104, 14.709999847412117, 14.570000076293944, 15.22299995422363, 15.654998207092277, 15.313999938964836, 13.245000076293978, 13.89449586868288, 13.891498947143578]}