{"m": [0.043699995676676436, 0.03409999847412109, 0.037499993642171235, 0.03803333282470704, 0.03660000483194985, 0.032633336385091125, 0.03595000267028803, 0.036199979782104465, 0.03294999122619627], "b": [14.73200085957845, 15.202000045776362, 14.57600084940592, 15.472666931152334, 15.139999516805014, 15.722666041056316, 13.504499530792252, 13.978006076812747, 13.862502574920658]}